Timestamp,Channel,Username,"Message"
2025-01-14 15:52:04,#marketing,Alice,"Is the report finalized yet?"
2025-01-14 14:17:32,#general,Bob,"I've updated the spreadsheet with the latest data."
2025-01-14 09:08:03,#general,Alice,"Can someone share the previous meeting notes?"
2025-01-14 11:23:27,#general,Charlie,"The code review is scheduled for tomorrow."
2025-01-14 09:22:18,#design-team,Alice,"I'll take a look and let you know."
2025-01-14 15:05:08,#dev-team,Charlie,"Is the report finalized yet?"
2025-01-14 11:32:38,#project-launch,Alice,"I'll take a look and let you know."
2025-01-14 10:01:43,#project-launch,Charlie,"The document has been shared in the drive."
2025-01-14 13:05:20,#project-launch,Dana,"The document has been shared in the drive."
2025-01-14 15:35:27,#dev-team,Alice,"I've updated the spreadsheet with the latest data."
2025-01-14 15:18:42,#project-launch,Charlie,"The design updates are ready for review."
2025-01-14 11:45:30,#dev-team,Bob,"Got it! I'll work on it right away."
2025-01-14 14:43:05,#project-launch,Dana,"I'll send the email draft shortly."
2025-01-14 13:48:23,#design-team,Dana,"Let's connect at 3 PM to finalize the plan."
2025-01-14 10:56:10,#general,Charlie,"Thanks for the heads-up!"
2025-01-14 10:33:11,#general,Eve,"The code review is scheduled for tomorrow."
2025-01-14 10:48:26,#marketing,Alice,"The design updates are ready for review."
2025-01-14 12:53:50,#project-launch,Charlie,"Thanks for the heads-up!"
2025-01-14 16:37:57,#marketing,Charlie,"I've updated the spreadsheet with the latest data."
2025-01-14 16:29:15,#general,Bob,"I'll take a look and let you know."
2025-01-14 13:59:56,#project-launch,Bob,"Hey team! Just a reminder about the meeting."
2025-01-14 09:41:34,#project-launch,Bob,"Do we have the latest numbers from finance?"
2025-01-14 10:20:11,#general,Eve,"I've updated the spreadsheet with the latest data."
2025-01-14 10:42:35,#general,Eve,"I've updated the spreadsheet with the latest data."
2025-01-14 16:56:05,#marketing,Charlie,"Can we discuss this in the meeting later?"
2025-01-14 16:26:58,#dev-team,Charlie,"I'll follow up with the client on this."
2025-01-14 09:37:13,#design-team,Eve,"I'll take a look and let you know."
2025-01-14 10:33:22,#project-launch,Alice,"Hey team! Just a reminder about the meeting."
2025-01-14 09:51:20,#design-team,Bob,"Can we discuss this in the meeting later?"
2025-01-14 13:14:12,#project-launch,Eve,"Is there a deadline for this task?"
2025-01-14 16:46:43,#project-launch,Dana,"I'll follow up with the client on this."
2025-01-14 09:35:54,#general,Alice,"Is the report finalized yet?"
2025-01-14 13:37:02,#dev-team,Charlie,"I'll follow up with the client on this."
2025-01-14 15:43:12,#project-launch,Charlie,"The design updates are ready for review."
2025-01-14 15:47:06,#marketing,Dana,"The design updates are ready for review."
2025-01-14 16:06:29,#project-launch,Alice,"Is there a deadline for this task?"
2025-01-14 16:14:21,#design-team,Eve,"Got it! I'll work on it right away."
2025-01-14 11:14:13,#dev-team,Dana,"The document has been shared in the drive."
2025-01-14 12:01:11,#dev-team,Charlie,"The presentation looks great!"
2025-01-14 13:17:16,#general,Bob,"The design updates are ready for review."
2025-01-14 16:41:17,#project-launch,Bob,"Do we have the latest numbers from finance?"
2025-01-14 12:45:58,#project-launch,Alice,"Great work on this," team!""
2025-01-14 11:54:35,#design-team,Eve,"Let me know if you need help with anything."
2025-01-14 11:44:25,#marketing,Eve,"Is there a deadline for this task?"
2025-01-14 09:56:14,#project-launch,Eve,"Great work on this," team!""
2025-01-14 10:18:53,#project-launch,Eve,"Thanks for the heads-up!"
2025-01-14 12:44:19,#project-launch,Alice,"Great work on this," team!""
2025-01-14 13:54:18,#dev-team,Bob,"I've updated the spreadsheet with the latest data."
2025-01-14 13:04:04,#design-team,Charlie,"Quick update: The task is complete."
2025-01-14 10:17:04,#project-launch,Bob,"Do we have the latest numbers from finance?"
2025-01-14 09:21:05,#design-team,Alice,"Great work on this," team!""
2025-01-14 14:56:31,#project-launch,Eve,"Got it! I'll work on it right away."
2025-01-14 09:10:19,#general,Bob,"The document has been shared in the drive."
2025-01-14 13:10:38,#marketing,Bob,"Can someone share the previous meeting notes?"
2025-01-14 12:57:45,#project-launch,Charlie,"Quick update: The task is complete."
2025-01-14 10:49:36,#marketing,Dana,"Can someone share the previous meeting notes?"
2025-01-14 14:01:30,#design-team,Eve,"Do we have the latest numbers from finance?"
2025-01-14 13:46:22,#marketing,Dana,"The code review is scheduled for tomorrow."
2025-01-14 13:04:57,#dev-team,Dana,"Is the report finalized yet?"
2025-01-14 13:23:22,#design-team,Bob,"Can we discuss this in the meeting later?"
2025-01-14 11:39:45,#project-launch,Eve,"The presentation looks great!"
2025-01-14 11:49:09,#dev-team,Eve,"Is the report finalized yet?"
2025-01-14 09:00:11,#dev-team,Dana,"Let's connect at 3 PM to finalize the plan."
2025-01-14 11:00:02,#dev-team,Alice,"I'll send the email draft shortly."
2025-01-14 16:01:03,#design-team,Eve,"Can we discuss this in the meeting later?"
2025-01-14 14:42:22,#dev-team,Charlie,"The code review is scheduled for tomorrow."
2025-01-14 16:47:45,#design-team,Charlie,"The document has been shared in the drive."
2025-01-14 10:28:53,#project-launch,Charlie,"The document has been shared in the drive."
2025-01-14 10:11:40,#dev-team,Dana,"I'll follow up with the client on this."
2025-01-14 11:25:52,#project-launch,Bob,"Let's connect at 3 PM to finalize the plan."
2025-01-14 14:56:33,#marketing,Alice,"Let's connect at 3 PM to finalize the plan."
2025-01-14 13:07:29,#marketing,Charlie,"The design updates are ready for review."
2025-01-14 11:40:17,#general,Dana,"The design updates are ready for review."
2025-01-14 15:14:05,#marketing,Alice,"The document has been shared in the drive."
2025-01-14 16:33:40,#design-team,Alice,"Can someone share the previous meeting notes?"
2025-01-14 16:05:11,#general,Bob,"Quick update: The task is complete."
2025-01-14 14:51:58,#project-launch,Bob,"I'll take a look and let you know."
2025-01-14 11:57:22,#dev-team,Dana,"Can someone share the previous meeting notes?"
2025-01-14 10:01:05,#project-launch,Bob,"Is the report finalized yet?"
2025-01-14 10:37:09,#general,Eve,"Is there a deadline for this task?"
2025-01-14 15:17:40,#general,Charlie,"The presentation looks great!"
2025-01-14 14:09:40,#dev-team,Charlie,"Can someone share the previous meeting notes?"
2025-01-14 10:35:13,#general,Eve,"Let's connect at 3 PM to finalize the plan."
2025-01-14 12:10:55,#general,Alice,"The code review is scheduled for tomorrow."
2025-01-14 15:56:53,#design-team,Bob,"Thanks for the heads-up!"
2025-01-14 09:38:48,#marketing,Eve,"Thanks for the heads-up!"
2025-01-14 10:19:35,#design-team,Bob,"I'll follow up with the client on this."
2025-01-14 10:28:54,#project-launch,Bob,"Can we discuss this in the meeting later?"
2025-01-14 14:09:08,#dev-team,Charlie,"Can someone share the previous meeting notes?"
2025-01-14 12:58:05,#dev-team,Eve,"I'll follow up with the client on this."
2025-01-14 14:34:03,#general,Bob,"I'll send the email draft shortly."
2025-01-14 11:21:14,#design-team,Eve,"Thanks for the heads-up!"
2025-01-14 14:16:57,#design-team,Bob,"The code review is scheduled for tomorrow."
2025-01-14 11:21:24,#general,Eve,"Do we have the latest numbers from finance?"
2025-01-14 10:15:19,#design-team,Bob,"Do we have the latest numbers from finance?"
2025-01-14 11:03:14,#dev-team,Charlie,"Can someone share the previous meeting notes?"
2025-01-14 11:12:25,#design-team,Charlie,"I'll follow up with the client on this."
2025-01-14 16:25:29,#general,Charlie,"Do we have the latest numbers from finance?"
2025-01-14 13:47:43,#general,Charlie,"Can we discuss this in the meeting later?"
2025-01-14 09:06:41,#general,Bob,"Hey team! Just a reminder about the meeting."
2025-01-14 09:00:15,#dev-team,Sarah,"Morning everyone! Jenkins build is failing - looking into it now"
2025-01-14 09:01:03,#dev-team,Mike,"@Sarah let me know if you need help debugging"
2025-01-14 09:05:22,#design-team,Rachel,"Updated the Figma mockups with client feedback from yesterday"
2025-01-14 09:10:45,#general,David,"Reminder: All-hands meeting at 4 PM today"
2025-01-14 09:15:33,#marketing,Jessica,"Who has access to the Q4 analytics dashboard?"
2025-01-14 09:17:42,#dev-team,Sarah,"Found the issue - missing dependency in package.json"
2025-01-14 09:20:11,#project-launch,Tom,"@all Sprint planning starts in 10 minutes"
2025-01-14 09:25:04,#design-team,Rachel,"Can someone review the new icon set?"
2025-01-14 09:30:18,#marketing,Alex,"Social media calendar for next week is ready for review"
2025-01-14 09:33:27,#dev-team,Mike,"PR #234 is ready for review - adds user authentication"
2025-01-14 09:45:12,#general,Lisa,"Coffee machine on 3rd floor is broken again ðŸ˜«"
2025-01-14 09:50:55,#project-launch,Sarah,"Updated ticket PROJ-235 with implementation details"
2025-01-14 10:00:03,#dev-team,David,"Deploying hotfix to production in 5 minutes"
2025-01-14 10:05:17,#marketing,Jessica,"@Alex reviewing the calendar now"
2025-01-14 10:10:42,#design-team,Tom,"New brand guidelines are available in the shared drive"
2025-01-14 10:15:29,#general,Rachel,"Has anyone seen the USB-C dongle from the meeting room?"
2025-01-14 10:20:14,#dev-team,Mike,"Build is green again ðŸŽ‰"
2025-01-14 10:25:33,#project-launch,Lisa,"Client meeting notes uploaded to Confluence"
2025-01-14 10:30:47,#marketing,Alex,"Need final copy for email campaign by EOD"
2025-01-14 10:35:22,#design-team,Rachel,"@Tom the new guidelines look great!"
2025-01-14 10:40:15,#dev-team,Sarah,"Starting work on the pagination feature"
2025-01-14 10:45:03,#general,David,"IT will be updating VPN certificates at lunch"
2025-01-14 10:50:28,#project-launch,Tom,"Sprint velocity metrics updated in Jira"
2025-01-14 10:55:41,#marketing,Jessica,"Website analytics show 25% increase in mobile traffic"
2025-01-14 11:00:19,#dev-team,Mike,"Anyone seeing latency issues in staging?"
2025-01-14 11:05:37,#design-team,Lisa,"Mobile nav prototype ready for testing"
2025-01-14 11:10:44,#general,Alex,"Remember to submit your timesheet by EOD"
2025-01-14 11:15:22,#project-launch,Sarah,"Updated API documentation with new endpoints"
2025-01-14 11:20:15,#marketing,Tom,"Blog post draft needs technical review"
2025-01-14 11:25:33,#dev-team,David,"@Mike yes, investigating the latency now"
2025-01-14 11:30:47,#design-team,Rachel,"A11y audit results are in - few issues to fix"
2025-01-14 11:35:52,#general,Lisa,"Lunch order for planning session is confirmed"
2025-01-14 11:40:18,#project-launch,Mike,"Demo environment is updated with latest features"
2025-01-14 11:45:29,#marketing,Jessica,"Social media engagement up 15% this week"
2025-01-14 11:50:41,#dev-team,Sarah,"PR #235 needs another review please"
2025-01-14 11:55:33,#design-team,Tom,"Updated design system documentation"
2025-01-14 12:00:15,#general,David,"Server maintenance scheduled for tonight at 2 AM"
2025-01-14 12:05:27,#project-launch,Lisa,"Risk assessment document needs sign-off"
2025-01-14 12:10:38,#marketing,Alex,"New competitor analysis ready for review"
2025-01-14 12:15:44,#dev-team,Mike,"Latency issues resolved - cache configuration fixed"
2025-01-14 12:20:19,#design-team,Rachel,"Updated style guide with new color palette"
2025-01-14 12:25:33,#general,Tom,"Anyone have a spare HDMI cable?"
2025-01-14 12:30:47,#project-launch,Sarah,"Integration tests all passing now"
2025-01-14 12:35:52,#marketing,Jessica,"Q1 marketing budget forecast ready"
2025-01-14 12:40:15,#dev-team,David,"Code freeze starts at 3 PM today"
2025-01-14 12:45:29,#design-team,Lisa,"User testing sessions scheduled for next week"
2025-01-14 12:50:41,#general,Alex,"New parking policy document in HR folder"
2025-01-14 12:55:33,#project-launch,Mike,"Release notes draft ready for review"
2025-01-14 13:00:18,#marketing,Tom,"Website copy updates completed"
2025-01-14 13:05:27,#dev-team,Sarah,"Starting database migration script"
2025-01-14 13:10:38,#design-team,Rachel,"Mobile responsive issues fixed in header"
2025-01-14 13:15:44,#general,David,"Remember to lock your computers when leaving desk"
2025-01-14 13:20:19,#project-launch,Lisa,"Updated project timeline in Gantt chart"
2025-01-14 13:25:33,#marketing,Alex,"Email open rates report generated"
2025-01-14 13:30:47,#dev-team,Mike,"New logging framework implemented"
2025-01-14 13:35:52,#design-team,Tom,"Icon export scripts updated"
2025-01-14 13:40:15,#general,Sarah,"Fire drill scheduled for tomorrow at 10 AM"
2025-01-14 13:45:29,#project-launch,David,"Stakeholder presentation deck updated"
2025-01-14 13:50:41,#marketing,Jessica,"Social media calendar approved"
2025-01-14 13:55:33,#dev-team,Lisa,"Code coverage increased to 85%"
2025-01-14 14:00:18,#design-team,Rachel,"Design QA completed for mobile views"
2025-01-14 14:05:27,#general,Alex,"New team member starting next Monday"
2025-01-14 14:10:38,#project-launch,Tom,"Sprint retrospective notes shared"
2025-01-14 14:15:44,#marketing,Sarah,"Landing page A/B test results analyzed"
2025-01-14 14:20:19,#dev-team,Mike,"Updated Docker containers with security patches"
2025-01-14 14:25:33,#design-team,David,"Accessibility improvements implemented"
2025-01-14 14:30:47,#general,Lisa,"Conference room booking system is down"
2025-01-14 14:35:52,#project-launch,Rachel,"Client feedback document updated"
2025-01-14 14:40:15,#marketing,Alex,"PPC campaign metrics looking good"
2025-01-14 14:45:29,#dev-team,Tom,"API rate limiting implemented"
2025-01-14 14:50:41,#design-team,Sarah,"Design system components documented"
2025-01-14 14:55:33,#general,Mike,"Remember to update your Slack status if WFH"
2025-01-14 15:00:18,#project-launch,David,"Release checklist started for v2.0"
2025-01-14 15:05:27,#marketing,Lisa,"Content calendar updated for Q1"
2025-01-14 15:10:38,#dev-team,Rachel,"Performance optimization PR ready"
2025-01-14 15:15:44,#design-team,Alex,"Design handoff complete for phase 2"
2025-01-14 15:20:19,#general,Tom,"Office WiFi maintenance this weekend"
2025-01-14 15:25:33,#project-launch,Sarah,"Acceptance criteria updated for PROJ-240"
2025-01-14 15:30:47,#marketing,Mike,"Newsletter template approved"
2025-01-14 15:35:52,#dev-team,David,"Staging environment backup completed"
2025-01-14 15:40:15,#design-team,Lisa,"Design system npm package updated"
2025-01-14 15:45:29,#general,Rachel,"All-hands meeting room changed to 4th floor"
2025-01-14 15:50:41,#project-launch,Alex,"Risk mitigation plan updated"
2025-01-14 15:55:33,#marketing,Tom,"Campaign analytics dashboard live"
2025-01-14 16:00:18,#dev-team,Sarah,"End-to-end tests all passing"
2025-01-14 16:05:27,#design-team,Mike,"Design review scheduled for tomorrow"
2025-01-14 16:10:38,#general,David,"Remember to submit expenses by Friday"
2025-01-14 16:15:44,#project-launch,Lisa,"Sprint planning prep complete"
2025-01-14 16:20:19,#marketing,Rachel,"Social media assets exported"
2025-01-14 16:25:33,#dev-team,Alex,"Database indexing optimization complete"
2025-01-14 16:30:47,#design-team,Tom,"UI component library updated"
2025-01-14 16:35:52,#general,Sarah,"Don't forget team lunch tomorrow"
2025-01-14 16:40:15,#project-launch,Mike,"Release candidate 1 tagged"
2025-01-14 16:45:29,#marketing,David,"Analytics tracking implemented"
2025-01-14 16:50:41,#dev-team,Lisa,"Code review comments addressed"
2025-01-14 16:55:33,#design-team,Rachel,"Design system documentation updated"